Country,Country ID,Year,Exports (USD),Imports (USD)
Algeria,DZA,2024,11671496696,799920311
"Egypt, Arab Republic of",EGY,2024,16885803122,605397831
Libya,LBY,2024,3583209253,1161529181
Morocco,MAR,2024,10135537519,1108373002
Sudan,SDN,2024,833012441,560841463
Tunisia,TUN,2024,2918504221,420133644
Burundi,BDI,2024,89727873,22899981
Comoros,COM,2024,96572382,223725
Djibouti,DJI,2024,3036197729,20551289
Eritrea,ERI,2024,159573991,451785818
Ethiopia,ETH,2024,3142043611,409299720
Kenya,KEN,2024,6005280811,213593954
Madagascar,MDG,2024,1339743409,282831427
Mozambique,MOZ,2024,2486621560,2321420881
Mauritius,MUS,2024,1275169212,20970607
Malawi,MWI,2024,518660359,23606462
Rwanda,RWA,2024,508498485,159743066
Somalia,SOM,2024,968414410,3095967
South Sudan,SSD,2024,166173531,299967036
Seychelles,SYC,2024,79971143,238253
Tanzania,TZA,2024,6121841085,699967808
Uganda,UGA,2024,2668164054,96229795
Angola,AGO,2024,2447568002,16410449913
Central African Republic,CAF,2024,161290656,33068089
Cameroon,CMR,2024,3642971901,1070439315
Democratic Republic of the Congo,COD,2024,4334804555,21593151117
Republic of the Congo,COG,2024,1654058569,4209953745
Gabon,GAB,2024,720644399,2914732142
Equatorial Guinea,GNQ,2024,170081311,986264446
Sao Tome and Principe,STP,2024,20910323,15227
Chad,TCD,2024,373789136,755184873
Botswana,BWA,2024,239077663,768616090
Lesotho,LSO,2024,211443430,29328437
Namibia,NAM,2024,991440509,1821229586
Eswatini,SWZ,2024,50511898,535396
South Africa,ZAF,2024,21799100286,25748917792
Zambia,ZMB,2024,1999236996,2963635327
Zimbabwe,ZWE,2024,1459447669,2390869542
Benin,BEN,2024,677884753,180471349
Burkina Faso,BFA,2024,988641351,55286316
Côte d'Ivoire,CIV,2024,3259554586,745222590
Cape Verde,CPV,2024,76649467,8575
Ghana,GHA,2024,9840781899,1995964719
Guinea,GIN,2024,3929782561,7637875666
"Gambia, The",GMB,2024,446340695,78487307
GuineaBissau,GNB,2024,97036625,
Liberia,LBR,2024,13064153258,105586191.00
Mali,MLI,2024,1004831968,73373702.00
Mauritania,MRT,2024,1059035467,1351840864.00
Niger,NER,2024,331866710,605639870.00
Nigeria,NGA,2024,16576172918,3265194045.00
Senegal,SEN,2024,3559741867,994692569.00
Sierra Leone,SLE,2024,810657702,952794606.00
Togo,TGO,2024,2869325665,208009096.00
Kazakhstan,KAZ,2024,18885155019,15290074000.00
Kyrgyz Republic,KGZ,2024,12794575076,2784035219.00
Tajikistan,TJK,2024,3511810326,343318595.00
Turkmenistan,TKM,2024,1028841930,9618320000.00
Uzbekistan,UZB,2024,10904566637,2016297940.00
"Hong Kong (SAR, China)",HKG,2024,2.78147E+11,31832197880.00
Japan,JPN,2024,1.62194E+11,129785312503.00
"Korea, Republic of",KOR,2024,1.40969E+11,136670891313.00
Macau,MAC,2024,4019413801,97843893.00
Mongolia,MNG,2024,4523636310,13641972602.00
North Korea,PRK,2024,1816432237,337113485.00
Chinese Taipei,TWN,2024,77457954299,104997121534.00
Brunei,BRN,2024,724986168,2040921843.00
Indonesia,IDN,2024,74032154247,66025530312.00
Cambodia,KHM,2024,14548556104,2187005820.00
Lao People's Democratic Republic,LAO,2024,3185661594,4159085139.00
Myanmar,MMR,2024,7977213109,5308276370.00
Malaysia,MYS,2024,71883201457,61024023801.00
Philippines,PHL,2024,38946083674,17465890645.00
Singapore,SGP,2024,57073161004,41991741529.00
Thailand,THA,2024,83809834989,41604700210.00
TimorLeste,TLS,2024,265520197,1029167.00
Vietnam,VNM,2024,1.58769E+11,94032779790.00
Afghanistan,AFG,2024,1543499519,42069907.00
Bangladesh,BGD,2024,22843517871,1161166435.00
Bhutan,BTN,2024,68764326,41895.00
India,IND,2024,1.22679E+11,16622513735.00
"Iran, Islamic Republic of",IRN,2024,8941162509,4442559996.00
Sri Lanka,LKA,2024,4383941911,337478019.00
Maldives,MDV,2024,729340830,27825.00
Nepal,NPL,2024,2157966363,27442293.00
Pakistan,PAK,2024,18517705256,2890786439.00
United Arab Emirates,ARE,2024,64659214838,36275898865.00
Armenia,ARM,2024,1668071084,1097484673.00
Azerbaijan,AZE,2024,3719203949,19673970.00
Bahrain,BHR,2024,2272658885,151841036.00
Georgia,GEO,2024,1611915285,303118195.00
Iraq,IRQ,2024,15983134642,38276938299.00
Israel,ISR,2024,12693259382,3310413123.00
Jordan,JOR,2024,4808978323,441645805.00
Kuwait,KWT,2024,6863847848,11777242740.00
Lebanon,LBN,2024,2003250125,69292547.00
Oman,OMN,2024,5747248580,30948856060.00
Palestine,PSE,2024,154441834,49958.00
Qatar,QAT,2024,5235475052,19555502663.00
Saudi Arabia,SAU,2024,51707599728,57583062593.00
Syrian Arab Republic,SYR,2024,386333203,2789856.00
Turkey,TUR,2024,44205520860,3511978901.00
Yemen,YEM,2024,2471651014,19970093.00
Cyprus,CYP,2024,1215576430,36030086.00
Bulgaria,BGR,2024,5586119837,1029210808.00
Belarus,BLR,2024,6501175477,1809526700.00
Czech Republic,CZE,2024,34984323092,3964905738.00
Hungary,HUN,2024,10502278735,2918656180.00
Moldova,MDA,2024,1218576415,102618872.00
Poland,POL,2024,51273589633,4253700508.00
Romania,ROU,2024,8790160408,2209730611.00
Russian Federation,RUS,2024,1.13869E+11,129580478960.00
Slovak Republic,SVK,2024,7674791534,4249929118.00
Ukraine,UKR,2024,12561245438,3029649555.00
Denmark,DNK,2024,10190458866,6516267765.00
Estonia,EST,2024,2090915268,325664350.00
Finland,FIN,2024,7179106358,4207023666.00
United Kingdom,GBR,2024,92312590780,17358814126.00
Ireland,IRL,2024,11243440173,14446555367.00
Iceland,ISL,2024,1024194874,151890182.00
Lithuania,LTU,2024,2045917445,240362295.00
Latvia,LVA,2024,885591170,248694062.00
Norway,NOR,2024,11604375251,4173360128.00
Sweden,SWE,2024,11761607938,8028054187.00
Albania,ALB,2024,1187486568,169836550.00
Andorra,AND,2024,10816741,147222.00
Bosnia and Herzegovina,BIH,2024,1483404914,91084658.00
Spain,ESP,2024,45857860771,8381415016.00
Gibraltar,GIB,2024,31023774,1869.00
Greece,GRC,2024,8344726081,666299370.00
Croatia,HRV,2024,1828658047,174136585.00
Italy,ITA,2024,45798844111,17108110043.00
North Macedonia,MKD,2024,1147283808,99819779.00
Malta,MLT,2024,3354153664,221090797.00
Montenegro,MNE,2024,521124377,41234309.00
Portugal,PRT,2024,5788700289,1130926690.00
San Marino,SMR,2024,11407498,5376156.00
Serbia,SRB,2024,4292098138,2064567625.00
Slovenia,SVN,2024,7182085880,350574175.00
Austria,AUT,2024,15065740636,6874171389.00
Belgium,BEL,2024,19832511495,6681759391.00
Switzerland,CHE,2024,19768916925,43719801553.00
Germany,DEU,2024,1.51107E+11,92403684624.00
France,FRA,2024,74040588168,27571280428.00
Luxembourg,LUX,2024,788802736,295709629.00
Netherlands,NLD,2024,66184662039,20412488753.00
Aruba,ABW,2024,85558177,19773.00
Antigua and Barbuda,ATG,2024,112823679,5128477.00
Bahamas,BHS,2024,1095446213,486039.00
Barbados,BRB,2024,113322045,3166570.00
Cuba,CUB,2024,643798416,270281889.00
Curaçao,CUW,2024,87379740,299099.00
Cayman Islands,CYM,2024,57818151,35537.00
Dominica,DMA,2024,44620781,264472.00
Dominican Republic,DOM,2024,6026997185,609345014.00
Grenada,GRD,2024,27012149,1844.00
Haiti,HTI,2024,449564177,6103917.00
Jamaica,JAM,2024,1080879845,7896727.00
Saint Kitts and Nevis,KNA,2024,26793076,262946.00
Saint Lucia,LCA,2024,42929924,28780.00
Montserrat,MSR,2024,1305374,958.00
Turks and Caicos Islands,TCA,2024,17739947,8842.00
Trinidad and Tobago,TTO,2024,644036723,517849758.00
Saint Vincent and the Grenadines,VCT,2024,33437106,704.00
British Virgin Islands,VGB,2024,217716012,58494.00
Belize,BLZ,2024,278005832,1619062.00
Costa Rica,CRI,2024,4075892781,660439838.00
Guatemala,GTM,2024,5862899425,54665410.00
Honduras,HND,2024,2546087109,105162537.00
Mexico,MEX,2024,1.05859E+11,15137231139.00
Nicaragua,NIC,2024,1640909323,84810068.00
Panama,PAN,2024,7027366482,79890725.00
El Salvador,SLV,2024,2689813328,59886135.00
Bermuda,BMU,2024,104788439,28184.00
Canada,CAN,2024,60417655973,23595966894.00
Greenland,GRL,2024,3459822,376921042.00
United States of America,USA,2024,4.53299E+11,144703739240.00
Australia,AUS,2024,74533754839,126201228017.00
New Zealand,NZL,2024,9873504311,11054077677.00
Fiji,FJI,2024,530565284,49234611.00
New Caledonia,NCL,2024,91143230,719365256.00
Papua New Guinea,PNG,2024,1329999427,3264291769.00
Solomon Islands,SLB,2024,208044560,396737835.00
Vanuatu,VUT,2024,182064080,19288685.00
Micronesia,FSM,2024,29516722,93006922.00
Kiribati,KIR,2024,53785212,133.00
Marshall Islands,MHL,2024,5309668374,7748784.00
Nauru,NRU,2024,11422657,8324010.00
Palau,PLW,2024,42113862,3223.00
Cook Islands,COK,2024,20292601,1420.00
French Polynesia,PYF,2024,164241132,3867037.00
Tonga,TON,2024,70757298,72112.00
Tuvalu,TUV,2024,19679187,178.00
Wallis and Futuna,WLF,2024,2312340,
Samoa,WSM,2024,104979397,1487155.00
Norfolk Island,NFK,2024,671530,30.00
Argentina,ARG,2024,11354592278,5948843409.00
Bolivia,BOL,2024,2177940748,1404360208.00
Brazil,BRA,2024,71043585657,95900558428.00
Chile,CHL,2024,20197528528,37877793495.00
Colombia,COL,2024,15765193306,2492225850.00
Ecuador,ECU,2024,6681280387,7561626431.00
Guyana,GUY,2024,987471712,429483425.00
Peru,PER,2024,15883961608,24209661388.00
Paraguay,PRY,2024,5574418069,29159714.00
Suriname,SUR,2024,362753918,60975737.00
Uruguay,URY,2024,2959322224,2481493212.00
Venezuela,VEN,2024,4799066184,1603809344.00
,,,,
,,,,
,,,,
