Country,2000,2001,2002,2003,2004,2005,2006,2007,2008,2009,2010,2011,2012,2013,2014,2015,2016,2017,2018,2019,2020,2021,2022,2023,Total
Pakistan,1205642482,237086722.5,538424678.8,789399448,315665631.6,582236919.6,74768909.48,14595818.21,1610124134,2621185629,2422283508,1549260488,1412158103,1355417582,1464259150,13020570062,6984895241,11608798391,4021866396,5627317290,5884028152,3316836047,2591577731,6377823884,75626222396
Bangladesh,262554499.4,576217644.2,44626410.49,,23026918.32,103940320.4,11768864.24,3870414.625,143882149.5,,165590073.6,346927243.3,880523541.5,344448324.9,466934363.2,476416216.5,2078573364,897824789,6437841941,2352257048,3043709924,1406351019,215881015.5,358200982.5,20641367068
India,,1402972.025,,,62060220.81,143309632.1,224257960.2,261725554.2,1174644034,654675255.5,1799307722,2432103897,1002748260,344663990.2,97081581.81,551346547,712601125.2,202184012.4,88262.34799,96055566.87,312521553.9,361479521.8,,645500000,11079757670
Afghanistan,1185224.732,2603116.147,16610518.41,15956416.43,67506741.82,52112593.5,24609852.35,23299642.92,2989277439,9265782.333,26976922.59,18276303.77,738736.8471,,2732777.855,30573217.98,48700354.56,94252545.92,8075155.245,,11713536.55,49732441.05,7161939.44,8311675.23,3509672934
Albania,2844539.356,92007418.79,,1462522.698,6337015.775,2473854.71,,,,,1311861.242,1758042.917,85899.63338,,,1664500.677,1800213.724,5484759.693,156312.1073,1162513.625,150633.1379,,,,118700088.1
Algeria,,,,46359891.46,2541688.144,60129915.57,,852627.0911,,1927250.483,60800533.64,,,,,,19045168.8,31494926.12,146727.279,,7012075.744,56435068.19,53193.67427,22098.34056,286821164.5
Angola,,15328643.5,456647595.3,24750384.13,914380747.3,2641060214,6892695969,3609110811,2225835919,3944860546,4029261111,2422227896,2300784103,5084169474,4614154374,17102138094,8727408620,2769527243,5483676205,139534347.9,61478702.13,76814398.37,,291911706.2,73827757104
Antigua and Barbuda,,8417832.149,,,6354220.361,15900267.17,40570972.94,,66856809.08,4855612.194,1338536.707,62979596.69,16402827.42,53475301.34,13584435.15,1317524.119,98484023.76,2314474.879,58812427.86,17282559.63,,331970.9894,217309.6116,14814.81481,469511516.8
Argentina,,,,,,,,192887634.8,,,645705002.5,228080828.2,2362685850,3713301.19,7846119568,9431620731,813988680.4,2933258174,9573026087,723653064.4,181348862.6,101859739.6,1269799483,234302358.2,36542049364
Armenia,,,1394575.328,2174708.873,1906266.108,,,,2634461.893,901756.5503,18050158.43,,3500562.44,,13881526.93,35925674.79,,15747463.06,,,171069.5564,1682908.488,,,97971132.44
Australia,549592.5752,78834841.45,495594111.2,1741407051,625257401.5,587856249.8,1562624485,1961684960,34754815653,8251247394,5725718932,3964540703,7601190786,5906994388,4382249969,5735356974,10115972670,9198638274,6962814375,4110416659,4024921931,4120207053,4271018334,4257846377,1.30438E+11
Austria,,,,,,,,,,140674021.9,,,34153694.23,,102864046.3,,28097408.67,7086358.378,,,183793.0629,,124331464.7,,437390787.2
Azerbaijan,,,1394575.328,,2541688.144,3669292.424,,,,,,,32514535.04,31019138.74,4993355.009,583276521.6,39375048.78,49164233.84,157171600.7,546669606,22629897.27,143540567.2,45222.71796,,1618005283
Bahamas,,,,,56127512.8,100216.526,7655391.302,,,,3221111874,34094.91444,51231587.33,,1102469.67,156463.0636,80954.44585,53206.31905,3018.888882,539753.4953,10038.77008,316173.9655,2645.773568,37209480.9,3375734882
Bahrain,,,,,,,,102089070.9,,,,,,21713397.11,,,,,150944444.1,502074549.4,7222.13675,,,,776828683.7
Barbados,,,,2970046.095,,,,,202650.9148,,128613.8473,1519144372,,672674251,33289.03339,201445498.3,10387486.9,26328082.86,256492.2185,129748.4364,186690.0898,599392.0642,152296252.9,30000,2586812867
Belarus,1431691.569,2787026.09,2789150.656,1417522,1270844.072,475607161.9,,86477104.94,548800815.8,711347006.9,2390762471,1206242782,1054770664,574065262.1,30510207.13,1163580067,1593368737,372556366.9,915312204.7,721680727.7,195200.9438,73147634.4,59529905.28,,11987650555
Belgium,,,,,,,,,,,91944094.08,64631600.72,,,,209239676.3,,,58732407.46,130786423.9,105198.5675,33197098.94,1039858638,90105718.95,1718600857
Benin,42950747.06,,63099771.74,,4748971.88,161792149.6,7044551.973,34951718.47,40530182.96,26451738.72,41800366.88,14064343.33,33846382.74,235540475.9,8104215.18,303631413.6,93395682.53,107042498.3,1543976.505,364521638.2,14808810.2,776258830.1,58688150.03,76229438.24,2511046054
Bermuda,5926123.658,,,,,,,,,326491363.9,,,333815893,150856411.4,998683687.6,2645692168,652960469.5,449699808.6,,778490618.2,251433532.3,,,,6594050076
Bolivia,,4102290.201,,67501.04762,22828619.41,41976705.33,,4236989.563,1152077.119,1109854.216,374332177,90121842.94,5231287.673,25760548.13,1025553.181,529533828.6,689649420.1,445375350.2,53252424.56,,187108.8162,67481864.4,909.2956801,566072.4666,2357992424
Bosnia and Herzegovina,,2787026.09,,,5083376.289,2446194.949,235377.2847,,,4061528.624,,,487685149.5,10576022.2,680317.7665,,312736269.9,742783655.1,,47663058.64,250302.752,432724566.5,99256294.87,271374114.4,2420343255
Botswana,5580882.917,22447552.4,,75272864.68,,,50525138.22,32578900.92,6406061.745,1338848416,,3483080.975,,13969891.65,20002.86158,15409426.82,13131203.17,1080601.061,360561.7616,,3703661.754,3448227.742,54661.58405,2000000000,3586321136
Brazil,,,,,,201435217.2,403450960,2085263491,112675686.7,15067858687,2114411650,762829513.4,3179579798,213895967,902241681.2,9194935023,9629000226,7071526839,2990355301,2687297431,390912066.4,2536596862,1581377881,2387734734,63513379013
Brunei Darussalam,,,,,,,,,,,,,,,,203621590.9,,8513.011048,1761018515,,240121.0195,2522979.519,,683572.9511,1968095292
Bulgaria,1431691.569,47960073.97,,,,1243140.78,,131068.9443,,9636252.417,870.8471544,150122147.8,179914971,,,,185470401.1,156002460.1,450802804.5,,87944023.92,,,120283431.4,1390943338
Burkina Faso,,,,,,,,,,,,,,,,,,,139833644.5,98967138.98,146336283,27594401.57,,50200268.11,462931736.2
Burundi,,109089606.4,,,19509729.29,21045470.45,938258.0464,57287363.28,21040814.63,683616.4163,9400660.567,36647212.46,11641414.81,16161535.24,934781.153,992042.4033,95464727.8,35799025.39,503148.1471,40700.11686,1055388.452,8374393.315,109515144.5,,556125032.9
Cabo Verde,6585781.216,15919927.53,12149340.46,,5259340.747,7583204.343,187651.6093,36178671.76,41749797.56,27642763.81,,19374845.73,103937779.2,2088563.656,2153661.68,13139536.74,80239858.36,83194827.16,23699.46603,46923.68162,54166.02562,20927190.8,36145.42535,1598972.48,480072649.5
Cambodia,84767824.81,26051317.67,313043344.8,13636931.16,6503482.493,75789486.95,60002279.89,771117895.6,153422031.9,717610205.7,2557655684,248356301.7,1491271824,389076344.7,693432424.3,1235575990,899752347.9,535094297.8,1822117516,2104809958,1239046552,955961543.1,791339952.9,619692706.4,17805128244
Cameroon,,135926403.4,,13868899.06,,,1753292.932,193375817.2,34554738.25,295504048.2,140749906.2,655575661.6,760588933.5,1030803352,395669110.3,2206636341,661683370.5,1048104713,184349622.1,188954073,77080258.43,109024137.2,65814.38706,,8134268491
Canada,,,55139094.33,,210163256.3,,,2291813143,1001412889,49665976.16,1223625173,3870594807,179096542.3,1859519745,82355251.64,4854337988,840043688.3,1049521896,950639577,1588739887,555476410.9,88572441.96,336440585.4,249904907.7,21337063260
Cayman Islands,,145157608.9,75721597.64,,,,,,,301741615,,,,,,,,,,,,,,,522620821.5
Central African Republic,,21785253.94,32298364.59,4720380.752,5845882.732,130056829.3,33610199.6,36824115.44,13657194.69,9733300.649,34995439.24,68460167.19,,,,9327861.792,110357.0505,2815744.709,7328933.898,63575218.29,3423709.737,187177526.1,,752400,666498879.7
Chad,,,,,,,,375013433.3,123787695.5,41427591.96,,1182979933,216545.2524,4549473.681,,2291969.563,92138243.02,289974438.8,30769451.48,224681068,3265495.687,3372923.485,99981.82421,587533.7761,2375155778
Chile,,,,,,,825667080.9,,140844608.4,277463553.9,101321988.9,26518266.41,,53766507.14,,57122431.63,338123687.7,211718584.8,3113480734,1145332697,363425472.5,973355069.3,141737869.7,8360081.298,7778238633
Colombia,,,,516493.3574,787923.3247,,820976954.4,,106055990.1,8348829.28,225331460.5,49198.56948,,1501.224559,28370855.78,71490223.43,,264670633,72182623.76,466263980.9,687385921.2,105069823.3,332422550.4,550000000,3739924962
Comoros,11858788.21,17224496.81,82562.94262,,19140757.64,6046988.155,2589150.132,531700.651,1418556.404,15358670.49,42235526.94,,783149.7825,558162.4332,34828651.18,1114243.561,6225967.801,3731325.67,96545367.97,13722335.64,128592.911,4992631.929,,,279117627.3
Congo,10024669.08,117147996.7,22313205.25,610414771.8,7363077.046,1105402312,731385593,1012180358,153893142.5,24908290.32,1507484122,371557689.4,1309562425,652353911.7,421004896.4,8369587.051,1216706.699,478949914.3,47113209.8,45553693.01,951266052.2,9086273.142,952220.8343,105925.5606,9599610043
Cook Islands,,,,6275739.637,5580130.094,42334.8912,,5317006.51,15016432.79,,,,21098565.44,10950742.59,1791132.316,10766515.25,86618.76261,11023224.14,,,238846.3796,211018.7067,,17322.41987,88415629.92
Costa Rica,,,,,,,,6997732.206,75351865.51,155507101,77168.30839,75428898.52,96459787.26,415770401.4,76969817.34,149805.0609,,18685545.98,17420947.85,,56987248.03,4450920.152,1267136.555,314848.9669,1001839224
Cote d'Ivoire,2863383.137,,52995663.03,,,,5618795.675,41400827.78,50089401.59,10149760.03,36480320.19,150378592.3,164595137.4,521105973.8,1004549517,851192425.9,100359492.6,151624041.4,1241699354,1241253704,922373025.4,15244107.84,84926085.93,210270436.4,6859170045
Croatia,,,,,,,33629399.01,,,20649112.31,,,,,,,,,,,3095.201464,,,,54281606.52
Cuba,,870025934.6,,13500209.52,63284134.82,704206496.1,,259868693.2,113303860.1,1163874097,,12888659.64,45953876.18,10856698.56,184599572.6,113262371.4,3666405978,324011585.2,84830777.6,178638326.2,17392062.33,2783654.685,123369231.5,233146324.7,8186202545
Cyprus,,,,,,,,,,,83213159.21,473965072,,,,,,,59365.64096,11625.13625,281751.7096,13018.47017,9946.517172,,557553938.7
Czech Republic,,,,,,,,43208437.22,,,,,,,,21285448.33,203166991.6,260004100.2,267145384.3,442917691.3,195794941.1,135609064.3,,709679078.6,2278811137
Democratic People's Republic of Korea,433954665.1,322589943.4,334984019.7,332922520.7,442597402,507894528.7,523471654.6,587132019.1,533270095.6,437674867.5,850349070.9,593409373.5,607196679.6,447939834.4,393731323.1,209381527.8,263166684.9,198121177.9,307970917.9,215915410.9,551201730.6,,,,9094875448
Democratic Republic of the Congo,46603967.53,,55220194.28,14679260.24,7625004.859,,376764156,255981674.8,8802492824,27475766.86,3761423.19,1056576941,125952019.1,2792344784,249234108.5,801590562.7,1572550928,1419137757,1075609983,482238193.1,2595357890,299696032.1,18898382.63,496972113,22576763965
Denmark,,,,,,3018958661,,,33760280.6,233971141.8,603673140.1,75766475.76,,38773923.42,,,125651125.2,,243309595,343940615,633802022.9,317216723.2,35245483.6,,5704069187
Djibouti,,5597277.398,10778476.92,67476915.31,,,34321479.34,12464462.75,61211176.27,13403044.46,,10548257.5,89902933.05,510193260.7,350790465.5,26035538.09,430276300.5,309819665.8,7396277.762,249116997.8,361106.8375,40020947.05,18709398.8,557135.4074,2248981117
Dominica,,,,,10308307.87,26056296.74,,166156.4534,3786163.637,51382139.62,55055725.7,,47968974.53,6328287.253,,544410.6392,11997937.3,23885483.71,1610074.071,92949.85761,525054.4256,29930928.59,2362297.828,22000,272023188.2
Dominican Republic,,,,,,,,,,,128613847.3,,,,,,,,,14188714.1,2063106.795,47385160.94,18604.36959,105881049.4,298150482.9
Ecuador,2646838.768,530696.2181,6028428.654,,18104444.65,2551913.617,4877017.34,,12582438.12,1391673759,3873957461,4061000296,2180027468,4278258111,4620828784,155912987.5,3099658958,306096007.1,1041316278,418636491.9,265301078.9,11625965.24,42765327.15,92584946,25886965698
Egypt,,,17601793.14,2718386.091,27958569.58,31805480.55,8238204.966,546486981.4,14248.80033,153469691.5,1414752.32,15384139.5,452030524.4,,108580.9057,109613340.1,2012622913,4462586247,3140925478,2322813369,934064045.4,899322823.2,488526635.9,1307338566,16935044772
El Salvador,,,,,,,,,,,,,,,,20923967.63,,,14440231.74,156244427.2,64728105.71,62183883.59,94586405.05,15733408.08,428840429
Equatorial Guinea,,132557918.1,13945753.28,23106281.78,7913800.206,19569559.59,32125955.51,1188250487,161853191.9,1524074575,1504628845,1019590430,575778802.2,192011732.7,102555.3181,424827795.2,345056278,701787540.8,318107894.6,1132150711,2071824.687,25595931.7,561616.1256,,9345669480
Eritrea,22907065.1,6967565.226,5540604.706,11250174.6,,14677169.7,39072629.27,237479331.7,,19324418.13,84885139.23,139789149.2,179050195.4,110634928.2,131079673.7,101956844.2,48670060.91,629898.5225,88151555.37,,,,,291000000,1533066403
Estonia,,,,,,,,,,,,,,,,,,,,118576.3898,,,,,118576.3898
Ethiopia,531357.5554,320647351.7,4691311.236,54932667.18,15250128.87,833600.6197,2939069374,126361982.8,741837468.7,485283755.8,1802856008,1115898219,84879574.12,6626789220,1304112322,734803637.8,957581061.5,959233046.5,383492154.1,82286274.83,14097151.55,63906997.45,76200361.98,24831219.96,18920406246
Fiji,17778.37097,278702.609,306806.5721,566252.7882,10484033.48,2004330.519,41129947.44,3695580.178,5633784.337,103275230.7,187369529.5,5936174.931,117112779.8,15828537.36,2927639.772,26692901.49,9702742.151,28678309.35,13363112.33,15544972.43,2139559.01,1571420.817,431469.923,2958280.24,597649876
Finland,,,,,,364423730.8,,,,367095330.2,60835469.27,197485446.7,,,,261549595.4,2863144129,,,608935708.5,44708.46216,68306787.94,,,4791820906
France,,,,660255790.8,,411864257.2,1592912533,,,85655577.04,129605999.8,860960523,145522082.5,2816335775,2376667486,4863213969,872761856.9,106059005.9,1225433766,974206077.9,1787701576,601642993.5,1156173733,590012678.7,21256985682
French Polynesia,,,,,,,,,,,,,,,,,72378693.12,,,,,,,,72378693.12
Gabon,14316915.69,18238636.33,780962.1836,,,733858.4848,11768864.24,6620729.27,527204578.6,394703144.8,159111774.1,158525625.1,,658446642.7,,373649842.6,103270486.9,,58667312.12,37398063.33,52637005.47,24127564.72,,14000000,2614202007
Gambia,,,,,,,,,,,,,,,,,49242011.88,132999426.7,1400435.795,4712263.731,302400.1897,8690559.808,496870.8242,8235.043884,197852204
Georgia,859014.9412,61947245.31,1811309.602,,2270118.814,4892389.899,4707545.695,,4053018.296,4061528.624,3800033.353,10548257.5,94845747.09,5044839.749,208305128.6,4327701.759,15302010.24,23835627.24,50314814.71,35875527.53,1045693.18,,33152.04936,8474.044848,537889178.3
Germany,,,,190458401.2,181171442.7,118694113.4,412833540.4,45482565.49,216900697,313779819,830786226.7,500067622.1,1831700953,1354093297,419215071.3,304701584.5,6688935978,8337229849,1652909061,2768006394,2154058935,1511983907,2224511068,1382996886,33440517411
Ghana,85736267.92,,129742493.5,96954628.28,145157.8046,2808112.644,208764040.9,587765264.5,1313461556,111671133.9,503801874.7,273337166.3,1466701089,289894643.8,178405809.3,22301985.37,770107113.5,545499390.2,945742091.2,1074685550,1139746318,164280733.2,198962743,233404744.7,10343919908
Greece,,,,,,,,,,519972180.4,71380685.26,400168601.3,139410404.2,151373397,328997460.5,150839496.5,,85300523.96,625208768.7,137844738.8,351060357.5,,,,2961556614
Grenada,,,,,,72967377.96,106023159.2,8307822.671,2192115.918,,2079463.409,,69552677.51,5847682.08,216573.2441,,8510.900432,132105467.6,,51099739.73,1539731.087,826822.6397,537309.9677,50000,453354454
Guatemala,,,,,,,,,,,,,,,,,,,,,,18442832.74,,,18442832.74
Guinea,,173914556.9,13851511.76,,95708245.79,90194873.36,27633007.95,30751005.1,14084460.84,,,527412.875,760840119.8,397717057.2,433793896.7,83352234.09,,20865388.56,2482959878,31139624.73,1351048836,4979564.841,,1245999999,7259361673
Guinea-Bissau,,17609282.43,16027029.57,9234315.268,13341241.46,4648987.276,750606.4372,28621274.39,43098450.18,12582528.23,2873377.841,790828.0349,,8703019.075,166445.167,6714768.733,32734735.84,25038466.27,43276799.92,7195236.036,308859.8368,4979564.841,5720669.478,,284416486.3
Guyana,,,8367451.967,45462824.05,,7816889.024,,25589009.23,10374.86885,25174413.33,70389896.47,47780147.87,250257201.4,4446076.552,74513.7312,45363037.42,1985113.263,52773455.83,49281504.96,35298840.6,46140258,194195775.4,516254284.5,199937056.5,1626598125
Haiti,,,,,,,,,,,21508050.14,,,,,,65443.29436,,,,,,,,21573493.43
Honduras,,,,,,,,,,,,,,307833864.7,61533190.85,,6544329.437,4256505.524,,,33232146.39,,,265604.0707,413665641
Hungary,,,,,,,93825.80464,,,,,1421895216,,1496668809,536106208.3,1581219746,200361966.7,581853802.4,283918708.3,276107437.9,2242134208,363582113.8,1444018375,406000000,10833960417
Iceland,,,,9767097.497,,7477729.141,,31367286.55,,,,,,,2636548.932,,,,201259258.8,,367394.6587,,,,252875315.6
Indonesia,,,230858.5294,1459549417,356405091.3,192581313.3,3533295089,1021132108,2307394267,6353353322,738153691.1,1848016351,1673423705,3817862227,1511070305,8098591576,5009089781,7127353726,3117192948,2347050717,1935773717,936951455.5,2315588112,5089478812,60789538590
Iran,384521132.4,1109797752,1650777777,735653933.2,1494957089,692425015.8,1261675595,248819289,,1542697360,73501413.97,558361048.7,206613506.1,122866808.5,4058570737,1067122349,1537528376,3153027054,3306291734,2829120746,782208.9965,41496373.68,,2703185692,28779792991
Iraq,,,,,,,,,,,8617127770,,,427030143.2,374058089.2,,1208355894,26718156.71,702096949.6,1176873676,1165642981,1837228891,831434343.6,2950800500,19317367394
Ireland,,,,58407243.03,,,,,,,,,,,179030991.2,2359177350,118987807.9,,549097066.7,,61922290.97,,250767000.2,50000000,3627389750
Israel,,,,,,,,,,,,2708736139,,,1918550760,116030381.9,,,,,129340544.3,57172781.51,,,4929830606
Italy,,,1952263031,,,,18832463.45,909651309.8,27336449.43,,944020478,,1592204342,,457561843.4,2987073059,120631.1552,2313613458,335415871.4,58125681.27,323183741.7,1124263719,3982164907,414541756.9,17440372742
Jamaica,28633831.37,,,562508.7301,43670342.64,91629814.78,71614309.33,76456884.15,57258867.98,13940107.03,608961174.9,18350304.71,1028110.507,790639680.4,8335438.471,431005.0205,191094419.6,349778341.5,41560591.42,18683774.84,128628.21,1798319.363,69322.06085,559902.1121,2415185679
Japan,,,,,68081378.91,222541283.8,,,140844.6084,100036165.1,272211604.2,135470244.3,,21185949.63,83222.58348,,114418146.2,182346907.5,905799438.4,,113744802.9,387299487.6,94491912.82,217475515.2,2835326904
Jordan,,464504.3484,,21953686.07,2566558.285,,4707545.695,68613116.09,15211217.71,,,18544304.57,4107563.595,2936008.39,,,146712687.6,1689994257,16903841.05,103798.7491,2326147.074,11618984.63,7020201.57,,2013784423
Kazakhstan,4740898.926,,397355585.7,143327.2244,2974052.006,2601748690,3589669911,69266987.28,12012940314,11204760339,1071099145,3004845387,9930502413,977251451.9,988681336.6,2675729299,2966832157,4571433136,1403997554,2773943797,1078825059,587404222.9,697034635,1154870760,63766050456
Kenya,,45945914.97,23404428.77,1000066.023,7138267.748,5936793.417,117728701.1,167618058.2,249187935.3,384458798.9,205690132.6,462846761.1,790168575,446026702.2,3794226269,1622771914,771813040.8,962603658.2,194656081.8,277197178.9,37839482.94,20359366.45,,494000000,11082618128
Kiribati,,,,,,,,,,,,,,,,,,,,106069940.9,4632306.972,38366495.46,509966.9757,264948.5625,149843658.8
Korea,79014982.11,1161260871,267795894.1,159644540.5,100653263.2,1404300188,439576831.3,232775726,140844608.4,561239403.8,43522461.24,112219050.2,40643168.79,109354473.5,150954115.3,78464878.61,696158797.3,736826930.7,324203548.3,32489946.76,482380341,38900.54496,796694509.3,,8151057430
Kuwait,,,,,,,,,,,,,,,512776590.5,,,80873604.95,,,80475238.06,,59966021.36,346868686,1080960141
Kyrgyz Republic,,46017482.42,7363357.731,11250.1746,17152093.83,454421.0511,147231936.8,37986448.54,169106347.9,299686628.1,2806151.814,256181861.2,607794003.7,1133221204,223611111.3,343483946.9,113068196.6,207927347.2,104891685.1,17201755.04,9625110.737,81523736.03,13620595.09,118104.2131,3840084775
Lao People's Democratic Republic,84815948.09,69675652.26,281019996.3,74656946.26,911245201.7,66577123.29,128223270.2,43432144.56,467848086.4,605783133.8,485715450.1,359387437,1223411577,1138112061,1210874392,2734706100,3983316675,1083311330,819303827.8,4654359715,551716720,710402860.9,67253647.88,741499318.4,22496648615
Latvia,,,,,,,17541528.44,17868150.73,15334061.38,,,,,,,,,,,,,21910.0853,,,50765650.64
Lebanon,1431691.569,,15246087.09,3126144.005,,12254662.03,9415091.39,2184482.404,6079527.445,1735534.53,7714067.707,5426693.936,11166952.34,22378760.73,9041803.375,3329001.353,545360.7864,32541234.83,760748.9222,299997379.2,31323652.64,6493721.409,,1000000,483192597.7
Lesotho,,12130912.18,5275539.185,13447484.09,,22180546.46,9251323.342,10922412.02,47640803.02,8239.384331,15653200.98,35966696.23,29275645.76,,12866211.41,1046198.381,31150.57113,49552.79347,179749460,1037987.491,73673839.82,3836219.868,499589.1926,1884743.591,476427755.7
Liberia,,,,,6337015.775,12521052.75,52927949.17,19355872,25684422.79,420026.0401,8156985.89,20434249.3,47189583.08,536476004.4,35490996.59,22985553.1,63871177.84,10641.26381,50827365.79,39581863.99,5801764.273,12445428.4,66144.33919,1001000,961585096.8
Libya,,,,,,,,,,507579724.9,,3516085.834,,,,,,,6037777.765,,3879058.986,,,4237022.424,525249669.9
Lithuania,,,,,,,,,,,4933.213879,,,,,,,,62407.53641,,,,,,67340.75029
Luxembourg,,,,,,70741077.14,1955678896,,,,51445538.92,,45159076.43,144531486.5,167784599.2,,10374279.35,4661163918,241189948.4,296518503.8,82553947.91,43808314.49,547537350.9,64876117.65,8383363055
Madagascar,29584474.58,69675652.26,,,15023334.37,,58912580.59,89767164.51,3793794.598,10040354.43,4679304.244,2639415.751,16122488.27,20179359,,5954306.077,241809.7005,184892785.4,103728149.1,165561227.5,50801870.59,5421583.406,280808.0628,253515175,1090815637
Malawi,,,,,,,,83078226.71,114094243.1,131821772.9,1359105.1,94980517.17,10296269.43,74731812.76,18634656.57,71225568.83,69335711.89,21628228.97,68738829.99,63639567.43,168070586.8,33009732.29,1671047.44,1571592.188,1027887470
Malaysia,,,,225003492,376610595.4,100617392.1,65678063.25,,,459895840.7,77168308.4,445855176.2,189668121,175775119.5,176107665.4,2126766733,847707325.2,11260201953,1567110699,1312862527,1079200783,242783717.4,6681197955,661237265,28071448731
Maldives,,,,1221103.583,525934.0747,12619879.41,60485318.07,7996279.321,8133985.445,,100890885.5,,168792779.6,4035871.799,29341156.79,476331752.2,194295140.2,730630828.8,175211197.1,,403923.7911,4867025.139,292924.9307,,1976075986
Mali,57267662.75,123420494.4,,,15123044.46,17270633.76,,153374620.3,111993212.7,1072764.959,195701717.7,127497859.5,15362149.58,373996091.5,207606098.8,14339720.42,6565601.584,70921534.45,173624373.1,,54166.02562,14232720.82,10205126.62,205955.0297,1689835548
Malta,,,1673490.393,,762506.4433,,562954.8279,655344.7213,40530.18296,1624611.45,950008.3382,,6012974.337,5491383.844,421797015.2,366190.1489,,,,,141225936.2,,49732.58586,,581212678.7
Marshall Islands,,,,,,,,747704040.3,,,53117518.94,37049807.02,252889924.8,169571291.8,759199926.9,163782355.6,818801412.5,993553519.4,904061366,220988574.8,539559646.1,754107670.4,395354164.6,80800000,6890541219
Mauritania,,,1394575.328,,1051868.149,,706131.8542,94709178.45,,420977531.5,173581928.5,79111931.25,1682179.61,208581146.3,46296902.16,50394422.49,68980620.39,50692911.46,106803062.7,122685505.8,275902.5443,41489577.17,41126982.54,454034.0808,1510996392
Mauritius,7432254.539,16560064.48,43231835.17,2812288.108,30063295.51,13565693.36,42225639.8,65534472.13,16171543,465426214.6,3255.461739,6592660.938,126334220.8,8584635.639,37651778.92,8322503.383,137435576.6,85816498.95,124003013.4,49915567.52,,50196749.08,18898382.63,,1356778144
Mexico,,42565610.05,,,319767917.4,,141226370.8,75146194.71,,1394254359,,426186430.4,59284835.54,,98646413.89,526112242,,50386384.13,133249480.8,789244168.6,218321442.6,668750288.7,991516982.4,1010201265,6944860386
Micronesia,,,69257.55882,,1746101.128,10009808.96,11049402.9,20981390.64,1212738.85,5218507.516,,1758042.917,11445964.74,10140127.9,205110.6362,7192569.747,15946240.64,16701328.25,201259.2588,25185520.88,26210705.59,23191862.18,557502.2876,,189023442.6
Moldova,,2805944.05,,3343614.893,76250.64433,572555.5929,2353772.847,1364476.965,7202639.351,7107675.092,15875921.93,5274128.75,1288494.5,,6395835.468,9987004.06,,9927200.714,,,89821.47551,2489782.42,2188178.016,55120.74475,78398417.52
Monaco,,,,,,,,,,,,,,,1088508426,,,,603777776.5,,,,,,1692286203
Mongolia,100218409.8,72209413.55,17331366.45,11693313.82,,49004072.21,69764005.49,11347535.85,17671078.71,747489822.1,355335907.8,765269864.6,360778460.2,734307588.3,973153978.2,796703504.9,684865771.6,228278470.5,333246048.6,170091390,728381944.2,6639419.788,712601792.5,553134462.1,8499517621
Montenegro,,,,,,,,,,,60957819.07,,,51255413.75,968113485.6,1664500.677,4342721.587,3284734.745,64447339.83,,,535927.0221,,32438.05882,1154634380
Morocco,15766938.78,42089160.75,15563460.66,,1270844.072,,7045850.775,,727325084.9,,,269899278.6,,,416673710.1,10367454.21,181714214,,298715293.2,,1904940.356,8319812.411,,,1996656043
Mozambique,18507750.52,107630904.9,12743390.83,1125017.46,,15834211.1,37530.32186,320874658.7,32819109.25,173711255.5,112271509.2,97072922.03,1355319248,3259052500,686510660.1,6676270.783,21175952.63,2359913935,20729703.66,38430518.03,298936165.6,26603050.36,24866292.93,,8990842556
Myanmar,839932643.5,248060312.5,27891506.56,590051856.6,659582638.9,140346580.5,880009330.8,1485214287,22690925.17,450112726.4,4236174113,1747955027,646898829.6,320758574,350765538.9,195393114.6,247889669.1,418696521.5,165523716.1,283513708.6,75764697.43,269555829.7,298091157.7,109387480.8,14710260786
Namibia,18413948.58,,24083125.12,27251361.96,10281893.31,74112333.47,3295.281986,28297852.34,71619401.33,14531730.36,96630.92875,17943128.01,1563122969,108259405.8,145322826.8,,19646230.92,59538306.25,130573768.5,1229430.591,11759578.4,6668068.877,442393.6416,90588.35783,2333288268
Nauru,,,,,4207472.598,,,,,,,,,,,,,,,,15207.75653,,,,4222680.355
Nepal,17350104.15,95483531.92,,,,40508112.03,19428.40592,61987871.9,28168.92168,37257574.3,8670630.588,257579469.3,157985517.2,112298132.8,545387.7888,57724906.9,295481524,203796236.9,258044032.4,110844582.6,2349941.128,137881356.1,93306903.11,3036404.418,1952179817
Netherlands,,,,,,95340049.53,,33231290.68,,545762650,186490078.6,525061682.3,643674615.4,787405221.4,1446362278,1240148717,345404923.3,893967636.9,1429629690,,525006957.7,561916501.6,2137253507,181212218.1,11577868018
New Zealand,,,,392233.7273,,,,15875.94754,296538.1323,183334043.3,64527658.12,5553429.837,87779.17377,49928896.32,403201072.4,248959442.3,610014181.2,493944528.3,588669417.9,479376697.8,689946992.1,937624782.7,563502046.1,692133225.3,6011508841
Nicaragua,,,,,,,,,,,,,,5169856.456,,,,,,13493837.38,,16598549.47,90178701.29,477319331.7,602760276.3
Niger,,50506992.9,24829019.14,3129232.092,127084.4072,569638.6401,54254464.13,9284050.217,2084804181,383864468.5,2932580.262,351079495,5415341.072,169822963.5,108426839.9,103934311.4,17694702.39,1579707.433,7683564.114,1702299486,8990214.291,13278839.58,22863937.42,1524966.253,5128896079
Nigeria,,,912147408,5496482.568,,55950429,3416436176,21722309.77,64887111.09,14888559.86,1439960635,,758672484.1,2052776869,117288852.3,136567.8298,1345948.325,2000094147,1100102324,1273899933,2735467508,559549362.4,995239305.8,1250468337,18776530749
Niue,,,,,1558264.955,,1219735.46,1587594.754,296538.1323,1562005.813,,1347242.52,,,,,,14748791.64,20125.92588,,,,,,22340299.2
North Macedonia,,,229734508.8,,,,4691290.232,,202650.9148,1015382.156,,7125913.569,,810032795.2,7178872.266,266869.8784,4825.246208,,,191149169.5,25176110.13,5057201.161,4839.121533,28891.51596,1281669320
Norway,,,,517508031.7,144105936.5,,,192575329.5,2188508531,5047015256,,1814461045,,,250234976.2,,31630925.61,319237914.3,90566666.47,,361139048.2,52008788.34,64035232.5,34000000,11107027680
Oman,,,,,,,,,37223217.94,,450148465.6,,,,,19429397.91,1586999889,3853975535,286492554.9,233104310.8,284460390.1,1659854.947,,184740448.5,6938234064
Panama,,,35270053.1,,,,,,14366150.06,69365888.49,,77963704.34,,61104291.2,35894361.33,68002894.79,,,161684649.9,207597498.2,1785947.66,120833901.1,878597.8831,,854747938
Papua New Guinea,40197962.19,1987935.456,44921688.81,76069.23439,31950237.45,3725986.052,11214480.33,33563603.59,1461786385,2637644728,201902641.8,481382043.8,815031.0115,232323264.8,332434180.5,208664521.7,250754942.8,619897850.4,178304512.8,1013032.214,311384101.5,3895005.701,283471586.5,346926396.1,7720238187
Paraguay,,,,,,,,,,,,,,,,68002894.79,,,3018888.882,,,,,,71021783.67
Peru,,116126.0871,2789150.656,2700041.905,,,,12731570.82,5540018.949,71076.75091,2685048497,263680224.6,335820647.9,458590370,10405436311,1430871924,427784593,1091762434,1192179.346,1057298977,3515299048,437397719.9,480018918.8,1602218800,24216368631
Philippines,16593146.24,81243241.21,,243198263.6,512975059.1,60129915.57,187948672.6,415053425,,193059140.9,859462034.7,1772935.551,355715.5162,69251637.14,,18388.13504,2097981543,701123314.4,443087323.9,578003662.7,340067441.9,594478154.7,435476165.7,3648316596,11479595778
Poland,,,,,,,353108689.6,,1010932847,,,,,,71507449.26,473229257.5,585180243.5,210461429.1,36176351.77,547019740.1,750698367.7,45933338.73,1122949894,572842097.8,5780039706
Portugal,,,,50788906.99,,,,,,,,2868762861,3373654733,1813891397,1224571980,145037977.4,301577888,360005677.2,996377495.6,,207574207.4,151882152,,249523529.4,11743648804
Puerto Rico,,,,,,,,,,,,,,,,,,,,28173946.18,30307181,34580311.39,,,93061438.57
Qatar,,,,,,143166465.6,162960607.6,280503847.5,,803287850.3,514455389.2,,130058140.1,75479904.25,,200521353.7,2946541113,306468397.7,172507934.7,1446829699,464857990.5,619679180.2,787432609.4,906360000,9961110483
Romania,1185224.732,1402972.025,1394575.328,24365.36276,269278246.3,1223097.475,,,,1015382.156,,,,120810444.6,58942731.29,49915367.58,,,,33214675.01,135081709,,,,673488790.9
Russia,,,461717058.8,703810923.2,44960356.65,13211337177,7693715980,943020951.4,51207075.49,37068289262,2284155700,2772538715,1768382515,40744166284,2592120133,8513448916,19246752270,4920308353,2690651340,4126161901,5062943350,8175480202,,8431674624,1.71507E+11
Rwanda,,46872921.43,25394438.24,,,,63254191.58,56814877.64,2181074.272,44570850.67,1900016.676,,189382090.2,2376793.943,47815031.19,,125910645.4,49452081.18,147089672.4,45347333.14,280167862.1,8348047.283,65668552.81,50000000,1252546480
Saint Lucia,49946248.13,,,,507234.1966,1002165.26,,,,,,,,,,,,,,,,,,,51455647.59
Samoa,,,,18485025.42,2103736.299,10518638.28,61473354.78,3519806.663,75816652.71,11773239.23,44536284.5,175804.2917,99663847.08,1344162.678,67400687.3,256923.0655,16430533.03,32211544.07,487464.6232,151157.7771,722555.3948,476882.2947,5435577.137,18356.20884,453002232.8
Sao Tome and Principe,,,,,,,,,,,,,,,,,,32243029.34,56416144.45,29217183.57,1085022.873,1819581.656,94567506.67,,215348468.6
Saudi Arabia,,,,,,,,207847322.8,,305209909.3,,454598859.2,134935320.4,,,385441508.9,5595192317,155185097.2,3669627152,447569826.2,,2213673095,6079874269,5739012654,25388167330
Senegal,,,,,,102686858.9,165896615.2,217475522.3,,44284430.03,17350361.37,95934349.43,96560963.91,162494693.7,39344009.7,1243076138,117394977.6,105127038.5,335810898.6,186940482.1,100340399.1,593107950.4,58087660.29,316067043.9,3997980393
Serbia,237044946.3,5611888.1,8367451.967,157502444.4,0,20043.3052,2589463.724,0,2026509.148,27586314.15,318537845.8,395225351.5,3276052.019,311225358.6,625266402.3,1673917.41,964802404,509935763.1,430015868.6,1530542129,418182604.7,531706868,804263505.6,161298247.5,7446701379
Seychelles,,448951.048,,5436772.183,,14427982,226104.0406,14542360.8,8982579.591,8358589.562,2877033.923,32946331.54,11693340.93,5139873.966,,,19711466.64,12333935.38,5753757.108,216155.6213,181188.9667,601160.4348,53040.43095,287381.5711,144218005.8
Sierra Leone,592612.3658,,14445011.25,562508.7301,6311208.897,24935695.09,9552054.961,65143168.41,1696626.829,,,49316121.44,1317417729,90562817.97,22147560.42,17632627.52,243401087.9,702324901.2,12882410.35,138138091.4,1520146.542,1891110049,7170801.982,62370.22424,4616925602
Singapore,189635957.1,49679900.11,109342787,61894765.89,1060148982,158566611.7,512998134.5,235275907.7,2909748868,4493982222,1165764611,378597398.2,409650259.1,4339775717,481229015.2,1590528795,1511269993,2328015476,824397579.9,2673515409,2962127313,1347047494,3784211432,1708715782,35286120410
Sint Maarten (Dutch part),,,,,,,,,,,,,,,,,,112025.9048,,,,,,,112025.9048
Slovak Republic,,,,,,,,,,,,,,,,,,28800454.18,,,,,,,28800454.18
Slovenia,,,,,,,,,,,,,,,,,,,,,580969.3148,,,,580969.3148
Solomon Islands,,,,,,,,,,,,,,,,,,,,33756831.3,79693947.44,36166223.28,12308078.2,65633015.45,227558095.7
Somalia,,,,,286624.2742,6213424.609,,219326.5185,2112669.126,896735.3161,,18143002.9,,,41022.12724,2134244.698,2181443.146,14477122.3,7569360.724,,1334872.694,15522717.25,587388.0717,3410741.293,75130695.05
South Africa,,83610782.71,168526726.5,117001815.9,154705898.8,521618183.8,295551284.6,464143406.4,,1720846570,408814353.5,679199108,797882757.9,728022781.6,296570608.3,2357258129,1994311956,4108230741,4834869236,521103743.5,707861988.5,162952160.7,41554247.44,1274388059,22439024539
South Sudan,,,,,,,,,,,,863737.8323,6502907.006,483433277.2,1439413012,2058090860,12818637.5,22965138.92,89966812.56,845159258.9,24625050.52,2120925.766,114240.723,,4986073859
Spain,,,,272083430.3,,,,,296574687.2,,51101794.19,47396507.2,1707013089,842652850.8,,,1809467328,120001892.4,1463100203,541540292.8,375011511.4,335473061.1,404759483.9,738647037.6,9004823169
Sri Lanka,25695073.11,178908784.2,6036318.111,53878652.37,67950820.19,655316882,306772552.5,628982573.8,12998.9467,1713592851,1116349530,1281862908,1188351416,642066915.5,2153695039,7657867.167,775051781.3,1790872030,1701062443,1676989355,758484703.5,2279088363,120296869.3,5860621.884,19134837350
Sudan,810029691,547951875.1,138710177.7,2676083216,826277609.6,1626495085,843985198,2068577047,264893807.8,2427967171,672023799.4,239820240.7,3795152386,77266.85742,303640129.4,2824735.63,3333684.204,87981076.13,59616657.12,14531824.87,2352353.113,4149637.367,15989345.28,400000,17432864015
Suriname,,11612608.71,48658606.3,787512.2222,91179694.78,,938258.0464,5317006.51,278947040.7,,,15798835.73,51574139.88,53456315.76,26824456.75,263226644.9,283503623.4,105168608.3,42072079.97,245147884,924463.4093,1702745.256,1559116.567,,1528399641
Sweden,,,,,37078352.27,,,91386049.38,,,2186435404,,1372831958,827177032.8,74834954.31,,83771635.56,237712839.6,734654080.5,,301413.6693,46851888.56,805471691,189479454.7,6687986754
Switzerland,,,,,315560444.8,300649577.9,,,,11747711197,6335657.502,146789971.6,303797423.3,2563736792,562155076.8,827782924.4,9379925853,11186949675,941949293.9,828513866.9,126102211.1,405662708,796088578.2,664936887.5,41104648139
Syrian Arab Republic,,,,,6354220.361,8317062.828,19768440.83,,134055936.3,24369171.74,2057821557,,4335271.338,2067942.582,6713228.836,,545360.7864,26835017,14316055.39,1708848.688,20238.16049,15768622,45356118.3,6874579.232,2375227671
Tajikistan,18271304.65,,6096142.671,6252288.01,1611055.702,,1387291557,21809642.55,6106482.786,199514104.3,257712794.5,48867324.63,435209126.6,255549573.4,963349416.8,20496071.55,686673207.2,400258136.3,268055213.1,292980913.3,628156347.3,264213237.1,95032784.85,120623408.1,6384130132
Tanzania,10919674.76,190868727.3,62254070.28,450006.9841,54688369.83,544317.0928,29965419.19,7498715.077,137890337.9,16421987.26,224653255.4,82148694.37,1295497702,181857856.3,349017318.9,348635472.8,40199651.47,15368625.21,274960487.6,61720499.34,52433667.68,45056646,124098782.5,9935282.019,3617085568
Thailand,3539155.116,,,,142084995.7,99745897.81,94780715.81,235890626.6,,161633.0999,28837415.24,249597338.3,39329496.68,515366791.2,12694420.92,83225033.83,995722362.9,113621711.3,98208106.19,15483091.11,132551118.9,48485522.26,117158258.5,132824262.4,3159307954
Timor-Leste,,,,21098624.16,,372805.4765,12670674.61,11431723.56,7274482.152,653419.1503,9829284.436,10307876.66,14690886.06,2587632.517,6030114.07,840106.3917,,1276951.657,1369348.06,,783808.1841,2907592.919,11858329.98,20000,116003660
Togo,,68014948,836745.1967,6510534.689,37606299.93,16909833.17,71778911.87,32559188.54,21768730.63,281373867.8,54421657.28,68927471.07,249916508.3,252241.9874,203869065.5,137461188,107276829.5,22046448.29,615693.2518,1886885.303,34047.2161,29943783.25,,518959.0399,1414529838
Tonga,10422714.62,9824541.027,9204197.164,,,,24015370.07,96117225.79,52969824.93,172949.2413,55290485.28,30280382.88,23568206.33,84080.66248,11496932.22,2663333.511,397619.63,27982216.22,37830005.43,1500860.32,14016255.07,,10969147.61,559881.2175,419366229.2
Trinidad and Tobago,989760.0814,755082.4232,8933894.167,,,,191126355.2,,,,,41665617.13,,254535432.8,,1829205.26,,,151564.6279,104225837.5,15264841.75,1802343.701,,252598.9253,621532533.5
Tunisia,,,,,33926453.35,36692924.24,20474572.68,8956377.857,,123782447.1,,7599864.334,4601291.846,,54935966.09,60345085.25,,52811474.25,35007690.76,74334227.71,,9959129.682,25687575.76,,549115080.9
Turkey,,,11542.92647,67501.04762,,,,1196326465,,728341829.1,1056123365,285260784.1,650290700.7,130280382.7,696008758,1986504129,1240240205,2400011426,1900082007,5989783847,1480353800,11605954530,770849519,526912798,32643403589
Turkmenistan,31497214.51,11066331.43,9762027.295,14978307.36,,100293992.9,115334869.5,563905530.7,,5788586499,,4694799164,,,,,,,,1494701.987,,,85066344.8,,11416784984
Uganda,9875705.491,135820062,18525929.09,585009.0793,10518681.49,2572786.005,40069160.05,160302353.3,21921844.77,101498353.6,4705638.155,634838109.6,1807788.704,,1305237404,1192785601,133893726.2,36842079.87,51997361.53,319585525.4,471260540.9,33268951.76,193499128.9,334536825.6,5215948567
Ukraine,,2244755.24,879614.4423,,,611548.7373,7547594.089,,,710767.5091,,169905258.9,1627041016,3363226.499,15229732.78,916301304.4,12310502.97,106412.6381,353616991.5,251664156.5,2491178.087,,4148194.987,476253.7255,3368648509
United Arab Emirates,,,,,,564991932.4,,242262733.2,74647642.46,1954136172,327965310.6,,279199056.3,2690581199,221519487.1,588578663.8,3193225860,1227535655,959224169.3,4646566862,480345789.5,564581217.4,1539369674,1469614192,21024345616
United Kingdom,,1077795246,,,224277739.7,171398489.9,187651.6093,645284754.2,454906413.4,412615881.9,221802375.7,2264394779,1559895014,1808844005,3305520412,4283939747,13869610228,7879542152,5399158632,5562838565,3314162529,2737626309,1843484806,2920406325,59957692055
United States,326010877.7,159866913.3,148409054.6,191010285.9,274754639.2,1245719093,668660480.6,1241215944,702811682.6,2489866546,3332096947,4021902672,7574727804,7766143399,8059061943,17611384985,29197809866,13856702702,17007781334,16005507377,17805288871,13195731257,20251647973,18766046131,2.019E+11
Uruguay,,,,,1270844.072,,2447598.652,83078.22671,,11591351.67,12861384.73,,,516985.6456,46355003.78,91462847.3,35480149.45,63717493.97,12026247.01,3280040.472,193354.4916,38729948.76,1457955.462,1977277.132,323451560.8
Uzbekistan,,37454623.58,,92972161.36,91686528.57,113472458.9,29910165.31,545889962.3,5235489629,163934244.2,751691143,628790368.2,641270355.8,2299345357,550366498.9,261665576.9,23400256.14,631122715.3,847603368.6,2556163687,992969039.7,697134269.2,403753201.5,1290565975,18886651585
Vanuatu,11852247.32,,,18767671.46,7775464.907,13318730.07,9774139.146,31717460.54,54614643.8,6182867.325,7600066.705,56824.85739,4604.016581,15190072.23,175279875.3,10297.13521,2472732.873,32097016.12,99230875.48,,1016898.832,62540366.34,2187411.105,2036382.774,553726648.3
Venezuela,,585275479,200339031.8,337505238.1,84149451.96,20670347.32,1545311002,6646258137,,7630247734,27049222820,4545988591,12139789095,14895390421,6352528646,20966861762,2399587460,,251574073.5,,28289096.96,14804088.72,4455799.242,,1.05698E+11
Viet Nam,127760913.9,8417832.149,5578301.311,298184401.9,234477006.7,848425864.9,2147151325,1236225614,1330501475,961698722.9,2872786939,2417656227,1302969084,253055072,2362874529,1733559347,4822537391,486030360.6,362769814.1,2072375959,789340072,281209442.5,76499223.1,20000000,27052084917
West Bank and Gaza Strip,859014.9412,2322521.742,5771463.235,,,12230974.75,,,17605576.05,1387317.77,,6250734.313,,,,,8534218.452,8853531.49,3371092.585,3632956.219,,8545389.542,944919.1314,3118511.212,83428221.43
Yemen,,1402972.025,116283441.3,37837275.04,117189044.1,,65905639.73,122015610.9,61032389.35,11169203.72,1026009.005,492252.0167,,5169856.456,33289.03339,,4908247.078,151853121,,,25220561.61,,1151313.058,1000000,723690225.4
Zambia,266487813,138031273.8,39890432.68,4635071.936,14803574.73,33071453.56,55448775.69,203768880.9,683096350.8,500035405.3,929413829.8,831379045.2,196171028,742675820.6,671909138.9,735604288.7,2466171780,2469113284,1941936662,195396277.7,563911.6595,18329160.36,17033571.3,39594.78695,13155006425
Zimbabwe,15280443.72,18723864.66,48747960.39,19485617.42,104266367.4,66172976.09,454171960.4,523841006.5,68009824.82,62997604.92,95110578.1,353517642.2,420607026.4,358564806.2,433162992.6,1497348020,34145596.5,155762095.5,180270505.8,87295095.19,5630210.57,120622076.5,136068354.9,6037756.954,5265840384
